{
  "PROFILE-2" : {
    "transaction" : "PROFILE-2",
    "sampleCount" : 320,
    "errorCount" : 0,
    "errorPct" : 0.0,
    "meanResTime" : 69.028125,
    "medianResTime" : 71.0,
    "minResTime" : 15.0,
    "maxResTime" : 169.0,
    "pct1ResTime" : 97.90000000000003,
    "pct2ResTime" : 108.94999999999999,
    "pct3ResTime" : 128.37000000000006,
    "throughput" : 3.0327729021741194,
    "receivedKBytesPerSec" : 3.0204633686051143,
    "sentKBytesPerSec" : 1.5104630665125007
  },
  "PROFILE-3" : {
    "transaction" : "PROFILE-3",
    "sampleCount" : 320,
    "errorCount" : 0,
    "errorPct" : 0.0,
    "meanResTime" : 10.146874999999994,
    "medianResTime" : 8.0,
    "minResTime" : 3.0,
    "maxResTime" : 49.0,
    "pct1ResTime" : 18.900000000000034,
    "pct2ResTime" : 24.0,
    "pct3ResTime" : 32.58000000000004,
    "throughput" : 3.0351604366837077,
    "receivedKBytesPerSec" : 0.539452343238706,
    "sentKBytesPerSec" : 1.5956637220077587
  },
  "PROFILE-0" : {
    "transaction" : "PROFILE-0",
    "sampleCount" : 320,
    "errorCount" : 0,
    "errorPct" : 0.0,
    "meanResTime" : 31888.174999999992,
    "medianResTime" : 34552.5,
    "minResTime" : 6638.0,
    "maxResTime" : 48967.0,
    "pct1ResTime" : 46279.600000000006,
    "pct2ResTime" : 47517.65,
    "pct3ResTime" : 48629.82,
    "throughput" : 2.855460175253868,
    "receivedKBytesPerSec" : 174.34056193727358,
    "sentKBytesPerSec" : 2.3340040690307498
  },
  "PROFILE-1" : {
    "transaction" : "PROFILE-1",
    "sampleCount" : 320,
    "errorCount" : 0,
    "errorPct" : 0.0,
    "meanResTime" : 10.021875000000003,
    "medianResTime" : 8.0,
    "minResTime" : 2.0,
    "maxResTime" : 39.0,
    "pct1ResTime" : 18.0,
    "pct2ResTime" : 23.94999999999999,
    "pct3ResTime" : 36.37000000000006,
    "throughput" : 3.0351028615329168,
    "receivedKBytesPerSec" : 0.5394421101552644,
    "sentKBytesPerSec" : 1.5956334532357042
  },
  "PROFILE" : {
    "transaction" : "PROFILE",
    "sampleCount" : 320,
    "errorCount" : 191,
    "errorPct" : 59.6875,
    "meanResTime" : 32051.33124999998,
    "medianResTime" : 34708.0,
    "minResTime" : 6745.0,
    "maxResTime" : 49150.0,
    "pct1ResTime" : 46454.5,
    "pct2ResTime" : 47710.799999999996,
    "pct3ResTime" : 48795.04,
    "throughput" : 2.8507541135490997,
    "receivedKBytesPerSec" : 258.4256191899181,
    "sentKBytesPerSec" : 20.70150509516619
  },
  "PROFILE-10" : {
    "transaction" : "PROFILE-10",
    "sampleCount" : 320,
    "errorCount" : 0,
    "errorPct" : 0.0,
    "meanResTime" : 84.59374999999993,
    "medianResTime" : 81.0,
    "minResTime" : 49.0,
    "maxResTime" : 190.0,
    "pct1ResTime" : 107.0,
    "pct2ResTime" : 123.0,
    "pct3ResTime" : 152.9500000000001,
    "throughput" : 3.0307622367025306,
    "receivedKBytesPerSec" : 1.9249890786009243,
    "sentKBytesPerSec" : 1.5203571623067889
  },
  "GET TOKEN-11" : {
    "transaction" : "GET TOKEN-11",
    "sampleCount" : 320,
    "errorCount" : 2,
    "errorPct" : 0.625,
    "meanResTime" : 85.640625,
    "medianResTime" : 87.0,
    "minResTime" : 1.0,
    "maxResTime" : 230.0,
    "pct1ResTime" : 129.80000000000007,
    "pct2ResTime" : 155.0,
    "pct3ResTime" : 201.0600000000003,
    "throughput" : 6.053383273745341,
    "receivedKBytesPerSec" : 437.34864694469667,
    "sentKBytesPerSec" : 2.1853363884002044
  },
  "PROFILE-11" : {
    "transaction" : "PROFILE-11",
    "sampleCount" : 320,
    "errorCount" : 0,
    "errorPct" : 0.0,
    "meanResTime" : 78.65937499999997,
    "medianResTime" : 78.0,
    "minResTime" : 18.0,
    "maxResTime" : 186.0,
    "pct1ResTime" : 105.0,
    "pct2ResTime" : 115.0,
    "pct3ResTime" : 147.37000000000006,
    "throughput" : 3.031393872795135,
    "receivedKBytesPerSec" : 4.816593269831947,
    "sentKBytesPerSec" : 1.3933236510297267
  },
  "GET TOKEN-12" : {
    "transaction" : "GET TOKEN-12",
    "sampleCount" : 320,
    "errorCount" : 0,
    "errorPct" : 0.0,
    "meanResTime" : 9.34375000000001,
    "medianResTime" : 6.0,
    "minResTime" : 3.0,
    "maxResTime" : 92.0,
    "pct1ResTime" : 16.800000000000068,
    "pct2ResTime" : 25.94999999999999,
    "pct3ResTime" : 74.43000000000035,
    "throughput" : 6.057852491291837,
    "receivedKBytesPerSec" : 8.980293048614266,
    "sentKBytesPerSec" : 2.3486010146902925
  },
  "PROFILE-12" : {
    "transaction" : "PROFILE-12",
    "sampleCount" : 320,
    "errorCount" : 0,
    "errorPct" : 0.0,
    "meanResTime" : 9.2125,
    "medianResTime" : 8.0,
    "minResTime" : 3.0,
    "maxResTime" : 37.0,
    "pct1ResTime" : 16.0,
    "pct2ResTime" : 18.94999999999999,
    "pct3ResTime" : 31.58000000000004,
    "throughput" : 3.0335491577161164,
    "receivedKBytesPerSec" : 0.5332410628797861,
    "sentKBytesPerSec" : 1.6096288819949378
  },
  "Test" : {
    "transaction" : "Test",
    "sampleCount" : 320,
    "errorCount" : 289,
    "errorPct" : 90.3125,
    "meanResTime" : 81519.77812500001,
    "medianResTime" : 95114.0,
    "minResTime" : 9819.0,
    "maxResTime" : 95879.0,
    "pct1ResTime" : 95640.1,
    "pct2ResTime" : 95705.0,
    "pct3ResTime" : 95848.7,
    "throughput" : 2.7664191297882827,
    "receivedKBytesPerSec" : 2669.2053565735955,
    "sentKBytesPerSec" : 37.9828721779283
  },
  "PROFILE-13" : {
    "transaction" : "PROFILE-13",
    "sampleCount" : 320,
    "errorCount" : 0,
    "errorPct" : 0.0,
    "meanResTime" : 8.487500000000002,
    "medianResTime" : 7.0,
    "minResTime" : 1.0,
    "maxResTime" : 32.0,
    "pct1ResTime" : 16.900000000000034,
    "pct2ResTime" : 19.0,
    "pct3ResTime" : 29.37000000000006,
    "throughput" : 3.0338079978763344,
    "receivedKBytesPerSec" : 0.5332865621266994,
    "sentKBytesPerSec" : 1.5801391937181215
  },
  "GET TOKEN-10" : {
    "transaction" : "GET TOKEN-10",
    "sampleCount" : 320,
    "errorCount" : 1,
    "errorPct" : 0.3125,
    "meanResTime" : 97.26562500000006,
    "medianResTime" : 92.0,
    "minResTime" : 2.0,
    "maxResTime" : 213.0,
    "pct1ResTime" : 132.0,
    "pct2ResTime" : 155.0,
    "pct3ResTime" : 195.0,
    "throughput" : 6.048006048006048,
    "receivedKBytesPerSec" : 30.894904820686072,
    "sentKBytesPerSec" : 2.1608221803534304
  },
  "PROFILE-6" : {
    "transaction" : "PROFILE-6",
    "sampleCount" : 320,
    "errorCount" : 0,
    "errorPct" : 0.0,
    "meanResTime" : 107.45312499999996,
    "medianResTime" : 103.0,
    "minResTime" : 12.0,
    "maxResTime" : 240.0,
    "pct1ResTime" : 147.0,
    "pct2ResTime" : 162.95,
    "pct3ResTime" : 217.38000000000045,
    "throughput" : 3.032226886376773,
    "receivedKBytesPerSec" : 63.34873296445188,
    "sentKBytesPerSec" : 1.4213193385007532
  },
  "PROFILE-7" : {
    "transaction" : "PROFILE-7",
    "sampleCount" : 320,
    "errorCount" : 1,
    "errorPct" : 0.3125,
    "meanResTime" : 82.78437499999995,
    "medianResTime" : 79.5,
    "minResTime" : 17.0,
    "maxResTime" : 158.0,
    "pct1ResTime" : 107.0,
    "pct2ResTime" : 114.94999999999999,
    "pct3ResTime" : 145.0,
    "throughput" : 3.0329741154615335,
    "receivedKBytesPerSec" : 4.236380272754414,
    "sentKBytesPerSec" : 1.4079060660667064
  },
  "LOGIN" : {
    "transaction" : "LOGIN",
    "sampleCount" : 320,
    "errorCount" : 210,
    "errorPct" : 65.625,
    "meanResTime" : 32919.559375000004,
    "medianResTime" : 36910.0,
    "minResTime" : 2142.0,
    "maxResTime" : 50724.0,
    "pct1ResTime" : 47515.3,
    "pct2ResTime" : 48893.65,
    "pct3ResTime" : 50039.240000000005,
    "throughput" : 3.1027294322974743,
    "receivedKBytesPerSec" : 3.6844912008532504,
    "sentKBytesPerSec" : 1.9402663984098512
  },
  "PROFILE-4" : {
    "transaction" : "PROFILE-4",
    "sampleCount" : 320,
    "errorCount" : 0,
    "errorPct" : 0.0,
    "meanResTime" : 71.12187499999993,
    "medianResTime" : 72.0,
    "minResTime" : 20.0,
    "maxResTime" : 168.0,
    "pct1ResTime" : 101.0,
    "pct2ResTime" : 112.0,
    "pct3ResTime" : 129.79000000000002,
    "throughput" : 3.032226886376773,