{
  "PROFILE-2" : {
    "transaction" : "PROFILE-2",
    "sampleCount" : 320,
    "errorCount" : 0,
    "errorPct" : 0.0,
    "meanResTime" : 78.65625,
    "medianResTime" : 77.0,
    "minResTime" : 15.0,
    "maxResTime" : 1077.0,
    "pct1ResTime" : 105.90000000000003,
    "pct2ResTime" : 118.89999999999998,
    "pct3ResTime" : 143.58000000000004,
    "throughput" : 2.940095553105476,
    "receivedKBytesPerSec" : 2.926313855200294,
    "sentKBytesPerSec" : 1.4643054024255788
  },
  "PROFILE-3" : {
    "transaction" : "PROFILE-3",
    "sampleCount" : 320,
    "errorCount" : 0,
    "errorPct" : 0.0,
    "meanResTime" : 9.771875000000001,
    "medianResTime" : 8.0,
    "minResTime" : 3.0,
    "maxResTime" : 34.0,
    "pct1ResTime" : 16.0,
    "pct2ResTime" : 19.0,
    "pct3ResTime" : 29.0,
    "throughput" : 2.941554979501039,
    "receivedKBytesPerSec" : 0.522815435809755,
    "sentKBytesPerSec" : 1.5477724758930378
  },
  "PROFILE-0" : {
    "transaction" : "PROFILE-0",
    "sampleCount" : 320,
    "errorCount" : 0,
    "errorPct" : 0.0,
    "meanResTime" : 33768.981250000004,
    "medianResTime" : 37069.5,
    "minResTime" : 7583.0,
    "maxResTime" : 51021.0,
    "pct1ResTime" : 49220.9,
    "pct2ResTime" : 50243.5,
    "pct3ResTime" : 50931.38,
    "throughput" : 2.7501095746783664,
    "receivedKBytesPerSec" : 167.9080961856195,
    "sentKBytesPerSec" : 2.247892298833782
  },
  "PROFILE-1" : {
    "transaction" : "PROFILE-1",
    "sampleCount" : 320,
    "errorCount" : 0,
    "errorPct" : 0.0,
    "meanResTime" : 9.590624999999996,
    "medianResTime" : 8.0,
    "minResTime" : 3.0,
    "maxResTime" : 33.0,
    "pct1ResTime" : 16.0,
    "pct2ResTime" : 19.94999999999999,
    "pct3ResTime" : 29.79000000000002,
    "throughput" : 2.941636101229052,
    "receivedKBytesPerSec" : 0.5228298539293823,
    "sentKBytesPerSec" : 1.5478151601123338
  },
  "PROFILE" : {
    "transaction" : "PROFILE",
    "sampleCount" : 320,
    "errorCount" : 229,
    "errorPct" : 71.5625,
    "meanResTime" : 33947.48749999997,
    "medianResTime" : 37235.5,
    "minResTime" : 7743.0,
    "maxResTime" : 51185.0,
    "pct1ResTime" : 49399.9,
    "pct2ResTime" : 50553.25,
    "pct3ResTime" : 51095.27,
    "throughput" : 2.746073972367631,
    "receivedKBytesPerSec" : 245.31939703027118,
    "sentKBytesPerSec" : 19.922520287157813
  },
  "PROFILE-10" : {
    "transaction" : "PROFILE-10",
    "sampleCount" : 320,
    "errorCount" : 0,
    "errorPct" : 0.0,
    "meanResTime" : 88.86874999999996,
    "medianResTime" : 83.0,
    "minResTime" : 47.0,
    "maxResTime" : 929.0,
    "pct1ResTime" : 113.0,
    "pct2ResTime" : 127.0,
    "pct3ResTime" : 178.0600000000003,
    "throughput" : 2.9379091267983215,
    "receivedKBytesPerSec" : 1.824716996722395,
    "sentKBytesPerSec" : 1.4746926671624387
  },
  "GET TOKEN-11" : {
    "transaction" : "GET TOKEN-11",
    "sampleCount" : 320,
    "errorCount" : 0,
    "errorPct" : 0.0,
    "meanResTime" : 78.53749999999997,
    "medianResTime" : 84.5,
    "minResTime" : 20.0,
    "maxResTime" : 189.0,
    "pct1ResTime" : 115.0,
    "pct2ResTime" : 125.94999999999999,
    "pct3ResTime" : 153.9000000000002,
    "throughput" : 5.784840103404017,
    "receivedKBytesPerSec" : 420.4843292410109,
    "sentKBytesPerSec" : 2.1015239438147404
  },
  "PROFILE-11" : {
    "transaction" : "PROFILE-11",
    "sampleCount" : 320,
    "errorCount" : 0,
    "errorPct" : 0.0,
    "meanResTime" : 80.81249999999996,
    "medianResTime" : 78.5,
    "minResTime" : 20.0,
    "maxResTime" : 199.0,
    "pct1ResTime" : 109.0,
    "pct2ResTime" : 121.0,
    "pct3ResTime" : 166.79000000000002,
    "throughput" : 2.9380979488403693,
    "receivedKBytesPerSec" : 3.354818652790275,
    "sentKBytesPerSec" : 1.3514102870154434
  },
  "GET TOKEN-12" : {
    "transaction" : "GET TOKEN-12",
    "sampleCount" : 320,
    "errorCount" : 0,
    "errorPct" : 0.0,
    "meanResTime" : 9.121874999999994,
    "medianResTime" : 7.0,
    "minResTime" : 3.0,
    "maxResTime" : 82.0,
    "pct1ResTime" : 16.0,
    "pct2ResTime" : 21.0,
    "pct3ResTime" : 42.16000000000008,
    "throughput" : 5.7939525620133985,
    "receivedKBytesPerSec" : 8.589082020640957,
    "sentKBytesPerSec" : 2.2462882491399605
  },
  "PROFILE-12" : {
    "transaction" : "PROFILE-12",
    "sampleCount" : 320,
    "errorCount" : 1,
    "errorPct" : 0.3125,
    "meanResTime" : 9.590625000000003,
    "medianResTime" : 8.0,
    "minResTime" : 0.0,
    "maxResTime" : 44.0,
    "pct1ResTime" : 16.900000000000034,
    "pct2ResTime" : 19.0,
    "pct3ResTime" : 29.58000000000004,
    "throughput" : 2.9410142823006082,
    "receivedKBytesPerSec" : 0.5304649875696194,
    "sentKBytesPerSec" : 1.5569658526413985
  },
  "Test" : {
    "transaction" : "Test",
    "sampleCount" : 320,
    "errorCount" : 296,
    "errorPct" : 92.5,
    "meanResTime" : 86335.675,
    "medianResTime" : 100078.5,
    "minResTime" : 10855.0,
    "maxResTime" : 100576.0,
    "pct1ResTime" : 100262.6,
    "pct2ResTime" : 100321.95,
    "pct3ResTime" : 100395.11,
    "throughput" : 2.6635148407717537,
    "receivedKBytesPerSec" : 2567.5896315661885,
    "sentKBytesPerSec" : 36.560439612604256
  },
  "PROFILE-13" : {
    "transaction" : "PROFILE-13",
    "sampleCount" : 320,
    "errorCount" : 1,
    "errorPct" : 0.3125,
    "meanResTime" : 9.212499999999995,
    "medianResTime" : 8.0,
    "minResTime" : 0.0,
    "maxResTime" : 33.0,
    "pct1ResTime" : 18.0,
    "pct2ResTime" : 21.0,
    "pct3ResTime" : 29.0,
    "throughput" : 2.941176470588235,
    "receivedKBytesPerSec" : 0.5304942411534926,
    "sentKBytesPerSec" : 1.5284190458409928
  },
  "GET TOKEN-10" : {
    "transaction" : "GET TOKEN-10",
    "sampleCount" : 320,
    "errorCount" : 0,
    "errorPct" : 0.0,
    "meanResTime" : 93.76250000000003,
    "medianResTime" : 90.0,
    "minResTime" : 50.0,
    "maxResTime" : 252.0,
    "pct1ResTime" : 119.90000000000003,
    "pct2ResTime" : 125.0,
    "pct3ResTime" : 170.7500000000005,
    "throughput" : 5.782644837182406,
    "receivedKBytesPerSec" : 29.602172105966964,
    "sentKBytesPerSec" : 2.0724908742636163
  },
  "PROFILE-6" : {
    "transaction" : "PROFILE-6",
    "sampleCount" : 320,
    "errorCount" : 0,
    "errorPct" : 0.0,
    "meanResTime" : 116.1656249999999,
    "medianResTime" : 111.0,
    "minResTime" : 60.0,
    "maxResTime" : 1102.0,
    "pct1ResTime" : 152.0,
    "pct2ResTime" : 165.89999999999998,
    "pct3ResTime" : 226.48000000000025,
    "throughput" : 2.938799500404085,
    "receivedKBytesPerSec" : 58.79764894605007,
    "sentKBytesPerSec" : 1.377490517779737
  },
  "PROFILE-7" : {
    "transaction" : "PROFILE-7",
    "sampleCount" : 320,
    "errorCount" : 3,
    "errorPct" : 0.9375,
    "meanResTime" : 89.596875,
    "medianResTime" : 83.0,
    "minResTime" : 20.0,
    "maxResTime" : 1064.0,
    "pct1ResTime" : 114.0,
    "pct2ResTime" : 127.0,
    "pct3ResTime" : 176.37000000000006,
    "throughput" : 2.9396093994010544,
    "receivedKBytesPerSec" : 4.143900123899943,
    "sentKBytesPerSec" : 1.3560078697707103
  },
  "LOGIN" : {
    "transaction" : "LOGIN",
    "sampleCount" : 320,
    "errorCount" : 239,
    "errorPct" : 74.6875,
    "meanResTime" : 35438.26875000001,
    "medianResTime" : 40830.5,
    "minResTime" : 2220.0,
    "maxResTime" : 52313.0,
    "pct1ResTime" : 50721.2,
    "pct2ResTime" : 51622.1,
    "pct3ResTime" : 52157.39,
    "throughput" : 2.9832379318703035,
    "receivedKBytesPerSec" : 3.5425950440959855,
    "sentKBytesPerSec" : 1.8649971216415266
  },
  "PROFILE-4" : {
    "transaction" : "PROFILE-4",
    "sampleCount" : 320,
    "errorCount" : 0,
    "errorPct" : 0.0,
    "meanResTime" : 80.40625000000004,
    "medianResTime" : 79.0,
    "minResTime" : 19.0,
    "maxResTime" : 1077.0,
    "pct1ResTime" : 105.0,
    "pct2ResTime" : 118.94999999999999,
    "pct3ResTime" : 162.37000000000006,
    "throughput" : 2.939393382690647,
    "receivedKBytesPerSec" : 1.8256388587805192,